uri,type,jurisdiction,title,date_valid,publication_status,date_copyright,author,publisher,rights,description,subject,education_level,score_range,authority_status,statement_notation,statement_label,list_id,local_subject,comment,is_part_of,is_version_of,exact_match,concept_term,alt_statement_notation,is_child_of,has_child,indexing_status,creator,created
http://act-standards-server.herokuapp.com/resources/DCCRS2013math,Standard Document,"ACT, Inc.",ACT College and Career Readiness Standards-Mathematics,2014,Draft,,"ACT, Inc.","ACT, Inc.",,College and Career Readiness Standards for Mathematics,Mathematics,,,,,,,,,,,,,,,"http://act-standards-server.herokuapp.com/resources/SCCRS2013mathN,http://act-standards-server.herokuapp.com/resources/SCCRS2013mathA,http://act-standards-server.herokuapp.com/resources/SCCRS2013mathF,http://act-standards-server.herokuapp.com/resources/SCCRS2013mathG,http://act-standards-server.herokuapp.com/resources/SCCRS2013mathS",,,
http://act-standards-server.herokuapp.com/resources/SCCRS2013mathN,Statement,,,,,,,,,Number & Quantity (N),Mathematics,,,Original,,,,,,http://act-standards-server.herokuapp.com/resources/DCCRS2013math,,,,,http://act-standards-server.herokuapp.com/resources/DCCRS2013math,"http://act-standards-server.herokuapp.com/resources/SCCRS2013mathN201,http://act-standards-server.herokuapp.com/resources/SCCRS2013mathN202,http://act-standards-server.herokuapp.com/resources/SCCRS2013mathN203,http://act-standards-server.herokuapp.com/resources/SCCRS2013mathN301,http://act-standards-server.herokuapp.com/resources/SCCRS2013mathN302,http://act-standards-server.herokuapp.com/resources/SCCRS2013mathN303,http://act-standards-server.herokuapp.com/resources/SCCRS2013mathN401,http://act-standards-server.herokuapp.com/resources/SCCRS2013mathN402,http://act-standards-server.herokuapp.com/resources/SCCRS2013mathN403,http://act-standards-server.herokuapp.com/resources/SCCRS2013mathN404,http://act-standards-server.herokuapp.com/resources/SCCRS2013mathN405,http://act-standards-server.herokuapp.com/resources/SCCRS2013mathN406,http://act-standards-server.herokuapp.com/resources/SCCRS2013mathN501,http://act-standards-server.herokuapp.com/resources/SCCRS2013mathN502,http://act-standards-server.herokuapp.com/resources/SCCRS2013mathN503,http://act-standards-server.herokuapp.com/resources/SCCRS2013mathN504,http://act-standards-server.herokuapp.com/resources/SCCRS2013mathN505,http://act-standards-server.herokuapp.com/resources/SCCRS2013mathN601,http://act-standards-server.herokuapp.com/resources/SCCRS2013mathN602,http://act-standards-server.herokuapp.com/resources/SCCRS2013mathN603,http://act-standards-server.herokuapp.com/resources/SCCRS2013mathN604,http://act-standards-server.herokuapp.com/resources/SCCRS2013mathN605,http://act-standards-server.herokuapp.com/resources/SCCRS2013mathN606,http://act-standards-server.herokuapp.com/resources/SCCRS2013mathN607,http://act-standards-server.herokuapp.com/resources/SCCRS2013mathN701,http://act-standards-server.herokuapp.com/resources/SCCRS2013mathN702,http://act-standards-server.herokuapp.com/resources/SCCRS2013mathN703,http://act-standards-server.herokuapp.com/resources/SCCRS2013mathN704,http://act-standards-server.herokuapp.com/resources/SCCRS2013mathN705,http://act-standards-server.herokuapp.com/resources/SCCRS2013mathN706",Non-indexable Statement,,
http://act-standards-server.herokuapp.com/resources/SCCRS2013mathN201,Statement,,,,,,,,,Perform one-operation computation with whole numbers and decimals,Mathematics,,13-15,Original,,,1,,,http://act-standards-server.herokuapp.com/resources/DCCRS2013math,,,,,http://act-standards-server.herokuapp.com/resources/SCCRS2013mathN,,Indexable Statement,,
http://act-standards-server.herokuapp.com/resources/SCCRS2013mathN202,Statement,,,,,,,,,Recognize equivalent fractions and fractions in lowest terms,Mathematics,,13-15,Original,,,2,,,http://act-standards-server.herokuapp.com/resources/DCCRS2013math,,,,,http://act-standards-server.herokuapp.com/resources/SCCRS2013mathN,,Indexable Statement,,
http://act-standards-server.herokuapp.com/resources/SCCRS2013mathN203,Statement,,,,,,,,,"Locate positive rational numbers (expressed as whole numbers, fractions, decimals, and mixed numbers) on the number line",Mathematics,,13-15,Original,,,3,,,http://act-standards-server.herokuapp.com/resources/DCCRS2013math,,,,,http://act-standards-server.herokuapp.com/resources/SCCRS2013mathN,,Indexable Statement,,
http://act-standards-server.herokuapp.com/resources/SCCRS2013mathN301,Statement,,,,,,,,,Recognize one-digit factors of a number,Mathematics,,16-19,Original,,,1,,,http://act-standards-server.herokuapp.com/resources/DCCRS2013math,,,,,http://act-standards-server.herokuapp.com/resources/SCCRS2013mathN,,Indexable Statement,,
http://act-standards-server.herokuapp.com/resources/SCCRS2013mathN302,Statement,,,,,,,,,Identify a digitÕs place value,Mathematics,,16-19,Original,,,2,,,http://act-standards-server.herokuapp.com/resources/DCCRS2013math,,,,,http://act-standards-server.herokuapp.com/resources/SCCRS2013mathN,,Indexable Statement,,
http://act-standards-server.herokuapp.com/resources/SCCRS2013mathN303,Statement,,,,,,,,,Locate rational numbers on the number line,Mathematics,,16-19,Original,,,3,,,http://act-standards-server.herokuapp.com/resources/DCCRS2013math,,,,,http://act-standards-server.herokuapp.com/resources/SCCRS2013mathN,,Indexable Statement,,
http://act-standards-server.herokuapp.com/resources/SCCRS2013mathN401,Statement,,,,,,,,,"Exhibit knowledge of elementary number concepts such as rounding, the ordering of decimals, pattern identification, primes, and greatest common factor",Mathematics,,20-23,Original,,,1,,,http://act-standards-server.herokuapp.com/resources/DCCRS2013math,,,,,http://act-standards-server.herokuapp.com/resources/SCCRS2013mathN,,Indexable Statement,,
http://act-standards-server.herokuapp.com/resources/SCCRS2013mathN402,Statement,,,,,,,,,Write positive powers of 10 by using exponents,Mathematics,,20-23,Original,,,2,,,http://act-standards-server.herokuapp.com/resources/DCCRS2013math,,,,,http://act-standards-server.herokuapp.com/resources/SCCRS2013mathN,,Indexable Statement,,
http://act-standards-server.herokuapp.com/resources/SCCRS2013mathN403,Statement,,,,,,,,,Comprehend the concept of length on the number line and find the distance between two points,Mathematics,,20-23,Original,,,3,,,http://act-standards-server.herokuapp.com/resources/DCCRS2013math,,,,,http://act-standards-server.herokuapp.com/resources/SCCRS2013mathN,,Indexable Statement,,
http://act-standards-server.herokuapp.com/resources/SCCRS2013mathN404,Statement,,,,,,,,,Understand absolute value in terms of distance,Mathematics,,20-23,Original,,,4,,,http://act-standards-server.herokuapp.com/resources/DCCRS2013math,,,,,http://act-standards-server.herokuapp.com/resources/SCCRS2013mathN,,Indexable Statement,,
http://act-standards-server.herokuapp.com/resources/SCCRS2013mathN405,Statement,,,,,,,,,Find the distance in the coordinate plane between two points with the same x_coordinate or y_coordinate,Mathematics,,20-23,Original,,,5,,,http://act-standards-server.herokuapp.com/resources/DCCRS2013math,,,,,http://act-standards-server.herokuapp.com/resources/SCCRS2013mathN,,Indexable Statement,,
http://act-standards-server.herokuapp.com/resources/SCCRS2013mathN406,Statement,,,,,,,,,Add two matrices that have whole number entries,Mathematics,,20-23,Original,,,6,,,http://act-standards-server.herokuapp.com/resources/DCCRS2013math,,,,,http://act-standards-server.herokuapp.com/resources/SCCRS2013mathN,,Indexable Statement,,
http://act-standards-server.herokuapp.com/resources/SCCRS2013mathN501,Statement,,,,,,,,,Order fractions,Mathematics,,24-27,Original,,,1,,,http://act-standards-server.herokuapp.com/resources/DCCRS2013math,,,,,http://act-standards-server.herokuapp.com/resources/SCCRS2013mathN,,Indexable Statement,,
http://act-standards-server.herokuapp.com/resources/SCCRS2013mathN502,Statement,,,,,,,,,Find and use the least common multiple,Mathematics,,24-27,Original,,,2,,,http://act-standards-server.herokuapp.com/resources/DCCRS2013math,,,,,http://act-standards-server.herokuapp.com/resources/SCCRS2013mathN,,Indexable Statement,,
http://act-standards-server.herokuapp.com/resources/SCCRS2013mathN503,Statement,,,,,,,,,Work with numerical factors,Mathematics,,24-27,Original,,,3,,,http://act-standards-server.herokuapp.com/resources/DCCRS2013math,,,,,http://act-standards-server.herokuapp.com/resources/SCCRS2013mathN,,Indexable Statement,,
http://act-standards-server.herokuapp.com/resources/SCCRS2013mathN504,Statement,,,,,,,,,Exhibit some knowledge of the complex numbers,Mathematics,,24-27,Original,,,4,,,http://act-standards-server.herokuapp.com/resources/DCCRS2013math,,,,,http://act-standards-server.herokuapp.com/resources/SCCRS2013mathN,,Indexable Statement,,
http://act-standards-server.herokuapp.com/resources/SCCRS2013mathN505,Statement,,,,,,,,,Add and subtract matrices that have integer entries,Mathematics,,24-27,Original,,,5,,,http://act-standards-server.herokuapp.com/resources/DCCRS2013math,,,,,http://act-standards-server.herokuapp.com/resources/SCCRS2013mathN,,Indexable Statement,,
http://act-standards-server.herokuapp.com/resources/SCCRS2013mathN601,Statement,,,,,,,,,Apply number properties involving prime factorization,Mathematics,,28-32,Original,,,1,,,http://act-standards-server.herokuapp.com/resources/DCCRS2013math,,,,,http://act-standards-server.herokuapp.com/resources/SCCRS2013mathN,,Indexable Statement,,
http://act-standards-server.herokuapp.com/resources/SCCRS2013mathN602,Statement,,,,,,,,,Apply number properties involving even/odd numbers and factors/multiples,Mathematics,,28-32,Original,,,2,,,http://act-standards-server.herokuapp.com/resources/DCCRS2013math,,,,,http://act-standards-server.herokuapp.com/resources/SCCRS2013mathN,,Indexable Statement,,
http://act-standards-server.herokuapp.com/resources/SCCRS2013mathN603,Statement,,,,,,,,,Apply number properties involving positive/negative numbers,Mathematics,,28-32,Original,,,3,,,http://act-standards-server.herokuapp.com/resources/DCCRS2013math,,,,,http://act-standards-server.herokuapp.com/resources/SCCRS2013mathN,,Indexable Statement,,
http://act-standards-server.herokuapp.com/resources/SCCRS2013mathN604,Statement,,,,,,,,,Apply the facts that  p is irrational and that the square root of an integer is rational only if that integer is a perfect square,Mathematics,,28-32,Original,,,4,,,http://act-standards-server.herokuapp.com/resources/DCCRS2013math,,,,,http://act-standards-server.herokuapp.com/resources/SCCRS2013mathN,,Indexable Statement,,
http://act-standards-server.herokuapp.com/resources/SCCRS2013mathN605,Statement,,,,,,,,,Apply properties of rational exponents,Mathematics,,28-32,Original,,,5,,,http://act-standards-server.herokuapp.com/resources/DCCRS2013math,,,,,http://act-standards-server.herokuapp.com/resources/SCCRS2013mathN,,Indexable Statement,,
http://act-standards-server.herokuapp.com/resources/SCCRS2013mathN606,Statement,,,,,,,,,Multiply two complex numbers,Mathematics,,28-32,Original,,,6,,,http://act-standards-server.herokuapp.com/resources/DCCRS2013math,,,,,http://act-standards-server.herokuapp.com/resources/SCCRS2013mathN,,Indexable Statement,,
http://act-standards-server.herokuapp.com/resources/SCCRS2013mathN607,Statement,,,,,,,,,"Use relations involving addition, subtraction, and scalar multiplication of vectors and of matrices",Mathematics,,28-32,Original,,,7,,,http://act-standards-server.herokuapp.com/resources/DCCRS2013math,,,,,http://act-standards-server.herokuapp.com/resources/SCCRS2013mathN,,Indexable Statement,,
http://act-standards-server.herokuapp.com/resources/SCCRS2013mathN701,Statement,,,,,,,,,Analyze and draw conclusions based on number concepts,Mathematics,,33-36,Original,,,1,,,http://act-standards-server.herokuapp.com/resources/DCCRS2013math,,,,,http://act-standards-server.herokuapp.com/resources/SCCRS2013mathN,,Indexable Statement,,
http://act-standards-server.herokuapp.com/resources/SCCRS2013mathN702,Statement,,,,,,,,,Apply properties of rational numbers and the rational number system,Mathematics,,33-36,Original,,,2,,,http://act-standards-server.herokuapp.com/resources/DCCRS2013math,,,,,http://act-standards-server.herokuapp.com/resources/SCCRS2013mathN,,Indexable Statement,,
http://act-standards-server.herokuapp.com/resources/SCCRS2013mathN703,Statement,,,,,,,,,"Apply properties of real numbers and the real number system, including properties of irrational numbers",Mathematics,,33-36,Original,,,3,,,http://act-standards-server.herokuapp.com/resources/DCCRS2013math,,,,,http://act-standards-server.herokuapp.com/resources/SCCRS2013mathN,,Indexable Statement,,
http://act-standards-server.herokuapp.com/resources/SCCRS2013mathN704,Statement,,,,,,,,,Apply properties of complex numbers and the complex number system,Mathematics,,33-36,Original,,,4,,,http://act-standards-server.herokuapp.com/resources/DCCRS2013math,,,,,http://act-standards-server.herokuapp.com/resources/SCCRS2013mathN,,Indexable Statement,,
http://act-standards-server.herokuapp.com/resources/SCCRS2013mathN705,Statement,,,,,,,,,Multiply matrices,Mathematics,,33-36,Original,,,5,,,http://act-standards-server.herokuapp.com/resources/DCCRS2013math,,,,,http://act-standards-server.herokuapp.com/resources/SCCRS2013mathN,,Indexable Statement,,
http://act-standards-server.herokuapp.com/resources/SCCRS2013mathN706,Statement,,,,,,,,,Apply properties of matrices and of matrices as a number system,Mathematics,,33-36,Original,,,6,,,http://act-standards-server.herokuapp.com/resources/DCCRS2013math,,,,,http://act-standards-server.herokuapp.com/resources/SCCRS2013mathN,,Indexable Statement,,
http://act-standards-server.herokuapp.com/resources/SCCRS2013mathA,Statement,,,,,,,,,Algebra (A),Mathematics,,,Original,,,,,,http://act-standards-server.herokuapp.com/resources/DCCRS2013math,,,,,http://act-standards-server.herokuapp.com/resources/DCCRS2013math,"http://act-standards-server.herokuapp.com/resources/SCCRS2013mathA201,http://act-standards-server.herokuapp.com/resources/SCCRS2013mathA202,http://act-standards-server.herokuapp.com/resources/SCCRS2013mathA301,http://act-standards-server.herokuapp.com/resources/SCCRS2013mathA302,http://act-standards-server.herokuapp.com/resources/SCCRS2013mathA303,http://act-standards-server.herokuapp.com/resources/SCCRS2013mathA401,http://act-standards-server.herokuapp.com/resources/SCCRS2013mathA402,http://act-standards-server.herokuapp.com/resources/SCCRS2013mathA403,http://act-standards-server.herokuapp.com/resources/SCCRS2013mathA404,http://act-standards-server.herokuapp.com/resources/SCCRS2013mathA405,http://act-standards-server.herokuapp.com/resources/SCCRS2013mathA406,http://act-standards-server.herokuapp.com/resources/SCCRS2013mathA501,http://act-standards-server.herokuapp.com/resources/SCCRS2013mathA502,http://act-standards-server.herokuapp.com/resources/SCCRS2013mathA503,http://act-standards-server.herokuapp.com/resources/SCCRS2013mathA504,http://act-standards-server.herokuapp.com/resources/SCCRS2013mathA505,http://act-standards-server.herokuapp.com/resources/SCCRS2013mathA506,http://act-standards-server.herokuapp.com/resources/SCCRS2013mathA507,http://act-standards-server.herokuapp.com/resources/SCCRS2013mathA508,http://act-standards-server.herokuapp.com/resources/SCCRS2013mathA509,http://act-standards-server.herokuapp.com/resources/SCCRS2013mathA510,http://act-standards-server.herokuapp.com/resources/SCCRS2013mathA511,http://act-standards-server.herokuapp.com/resources/SCCRS2013mathA512,http://act-standards-server.herokuapp.com/resources/SCCRS2013mathA513,http://act-standards-server.herokuapp.com/resources/SCCRS2013mathA514,http://act-standards-server.herokuapp.com/resources/SCCRS2013mathA601,http://act-standards-server.herokuapp.com/resources/SCCRS2013mathA602,http://act-standards-server.herokuapp.com/resources/SCCRS2013mathA603,http://act-standards-server.herokuapp.com/resources/SCCRS2013mathA604,http://act-standards-server.herokuapp.com/resources/SCCRS2013mathA605,http://act-standards-server.herokuapp.com/resources/SCCRS2013mathA606,http://act-standards-server.herokuapp.com/resources/SCCRS2013mathA701,http://act-standards-server.herokuapp.com/resources/SCCRS2013mathA702,http://act-standards-server.herokuapp.com/resources/SCCRS2013mathA703,http://act-standards-server.herokuapp.com/resources/SCCRS2013mathAF201,http://act-standards-server.herokuapp.com/resources/SCCRS2013mathAF301,http://act-standards-server.herokuapp.com/resources/SCCRS2013mathAF302,http://act-standards-server.herokuapp.com/resources/SCCRS2013mathAF303,http://act-standards-server.herokuapp.com/resources/SCCRS2013mathAF304,http://act-standards-server.herokuapp.com/resources/SCCRS2013mathAF401,http://act-standards-server.herokuapp.com/resources/SCCRS2013mathAF402,http://act-standards-server.herokuapp.com/resources/SCCRS2013mathAF403,http://act-standards-server.herokuapp.com/resources/SCCRS2013mathAF501,http://act-standards-server.herokuapp.com/resources/SCCRS2013mathAF502,http://act-standards-server.herokuapp.com/resources/SCCRS2013mathAF503,http://act-standards-server.herokuapp.com/resources/SCCRS2013mathAF601,http://act-standards-server.herokuapp.com/resources/SCCRS2013mathAF602,http://act-standards-server.herokuapp.com/resources/SCCRS2013mathAF603,http://act-standards-server.herokuapp.com/resources/SCCRS2013mathAF604,http://act-standards-server.herokuapp.com/resources/SCCRS2013mathAF701,http://act-standards-server.herokuapp.com/resources/SCCRS2013mathAF702,http://act-standards-server.herokuapp.com/resources/SCCRS2013mathAF703,http://act-standards-server.herokuapp.com/resources/SCCRS2013mathAF704,http://act-standards-server.herokuapp.com/resources/SCCRS2013mathAF705,http://act-standards-server.herokuapp.com/resources/SCCRS2013mathAF706
",Non-indexable Statement,,
http://act-standards-server.herokuapp.com/resources/SCCRS2013mathF,Statement,,,,,,,,,Functions (F),Mathematics,,,Original,,,,,,http://act-standards-server.herokuapp.com/resources/DCCRS2013math,,,,,http://act-standards-server.herokuapp.com/resources/DCCRS2013math,"http://act-standards-server.herokuapp.com/resources/SCCRS2013mathF201,http://act-standards-server.herokuapp.com/resources/SCCRS2013mathF301,http://act-standards-server.herokuapp.com/resources/SCCRS2013mathF401,htp://ccrs.act.org/resources/SCCRS2013mathF501,http://act-standards-server.herokuapp.com/resources/SCCRS2013mathF502,http://act-standards-server.herokuapp.com/resources/SCCRS2013mathF503,http://act-standards-server.herokuapp.com/resources/SCCRS2013mathF504,http://act-standards-server.herokuapp.com/resources/SCCRS2013mathF505,http://act-standards-server.herokuapp.com/resources/SCCRS2013mathF506,http://act-standards-server.herokuapp.com/resources/SCCRS2013mathF507,http://act-standards-server.herokuapp.com/resources/SCCRS2013mathF508,http://act-standards-server.herokuapp.com/resources/SCCRS2013mathF509,http://act-standards-server.herokuapp.com/resources/SCCRS2013mathF510,http://act-standards-server.herokuapp.com/resources/SCCRS2013mathF511,http://act-standards-server.herokuapp.com/resources/SCCRS2013mathF601,http://act-standards-server.herokuapp.com/resources/SCCRS2013mathF602,http://act-standards-server.herokuapp.com/resources/SCCRS2013mathF603,http://act-standards-server.herokuapp.com/resources/SCCRS2013mathF604,http://act-standards-server.herokuapp.com/resources/SCCRS2013mathF701,http://act-standards-server.herokuapp.com/resources/SCCRS2013mathF702,http://act-standards-server.herokuapp.com/resources/SCCRS2013mathF703,http://act-standards-server.herokuapp.com/resources/SCCRS2013mathF704,http://act-standards-server.herokuapp.com/resources/SCCRS2013mathF705,http://act-standards-server.herokuapp.com/resources/SCCRS2013mathF706,http://act-standards-server.herokuapp.com/resources/SCCRS2013mathF707,http://act-standards-server.herokuapp.com/resources/SCCRS2013mathF708,http://act-standards-server.herokuapp.com/resources/SCCRS2013mathAF201,http://act-standards-server.herokuapp.com/resources/SCCRS2013mathAF301,http://act-standards-server.herokuapp.com/resources/SCCRS2013mathAF302,http://act-standards-server.herokuapp.com/resources/SCCRS2013mathAF303,http://act-standards-server.herokuapp.com/resources/SCCRS2013mathAF304,http://act-standards-server.herokuapp.com/resources/SCCRS2013mathAF401,http://act-standards-server.herokuapp.com/resources/SCCRS2013mathAF402,http://act-standards-server.herokuapp.com/resources/SCCRS2013mathAF403,http://act-standards-server.herokuapp.com/resources/SCCRS2013mathAF501,http://act-standards-server.herokuapp.com/resources/SCCRS2013mathAF502,http://act-standards-server.herokuapp.com/resources/SCCRS2013mathAF503,http://act-standards-server.herokuapp.com/resources/SCCRS2013mathAF601,http://act-standards-server.herokuapp.com/resources/SCCRS2013mathAF602,http://act-standards-server.herokuapp.com/resources/SCCRS2013mathAF603,http://act-standards-server.herokuapp.com/resources/SCCRS2013mathAF604,http://act-standards-server.herokuapp.com/resources/SCCRS2013mathAF701,http://act-standards-server.herokuapp.com/resources/SCCRS2013mathAF702,http://act-standards-server.herokuapp.com/resources/SCCRS2013mathAF703,http://act-standards-server.herokuapp.com/resources/SCCRS2013mathAF704,http://act-standards-server.herokuapp.com/resources/SCCRS2013mathAF705,http://act-standards-server.herokuapp.com/resources/SCCRS2013mathAF706
",Non-indexable Statement,,
http://act-standards-server.herokuapp.com/resources/SCCRS2013mathAF201,Statement,,,,,,,,,Solve problems in one or two steps using whole numbers and using decimals in the context of money,Mathematics,,13-15,Original,,,1,,,http://act-standards-server.herokuapp.com/resources/DCCRS2013math,,,,,"http://act-standards-server.herokuapp.com/resources/SCCRS2013mathA,http://act-standards-server.herokuapp.com/resources/SCCRS2013mathF",,Indexable Statement,,
http://act-standards-server.herokuapp.com/resources/SCCRS2013mathA201,Statement,,,,,,,,,"Exhibit knowledge of basic expressions (e.g., identify an expression for a total as bÊ+Êg)",Mathematics,,13-15,Original,,,1,,,http://act-standards-server.herokuapp.com/resources/DCCRS2013math,,,,,http://act-standards-server.herokuapp.com/resources/SCCRS2013mathA,,Indexable Statement,,
http://act-standards-server.herokuapp.com/resources/SCCRS2013mathF201,Statement,,,,,,,,,Extend a given pattern by a few terms for patterns that have a constant increase or decrease between terms,Mathematics,,13-15,Original,,,1,,,http://act-standards-server.herokuapp.com/resources/DCCRS2013math,,,,,http://act-standards-server.herokuapp.com/resources/SCCRS2013mathF,,Indexable Statement,,
http://act-standards-server.herokuapp.com/resources/SCCRS2013mathA202,Statement,,,,,,,,,"Solve equations in the form xÊ+ÊaÊ=Êb, where a and b are whole numbers or decimals",Mathematics,,13-15,Original,,,2,,,http://act-standards-server.herokuapp.com/resources/DCCRS2013math,,,,,http://act-standards-server.herokuapp.com/resources/SCCRS2013mathA,,Indexable Statement,,
http://act-standards-server.herokuapp.com/resources/SCCRS2013mathAF301,Statement,,,,,,,,,"Solve routine one-step arithmetic problems using positive rational numbers, such as single-step percent",Mathematics,,16-19,Original,,,1,,,http://act-standards-server.herokuapp.com/resources/DCCRS2013math,,,,,"http://act-standards-server.herokuapp.com/resources/SCCRS2013mathA,http://act-standards-server.herokuapp.com/resources/SCCRS2013mathF",,Indexable Statement,,
http://act-standards-server.herokuapp.com/resources/SCCRS2013mathAF302,Statement,,,,,,,,,Solve some routine two-step arithmetic problems,Mathematics,,16-19,Original,,,2,,,http://act-standards-server.herokuapp.com/resources/DCCRS2013math,,,,,"http://act-standards-server.herokuapp.com/resources/SCCRS2013mathA,http://act-standards-server.herokuapp.com/resources/SCCRS2013mathF",,Indexable Statement,,
http://act-standards-server.herokuapp.com/resources/SCCRS2013mathAF303,Statement,,,,,,,,,"Relate a graph to a situation described qualitatively in terms of familiar properties such as before and after, increasing and decreasing, higher and lower",Mathematics,,16-19,Original,,,3,,,http://act-standards-server.herokuapp.com/resources/DCCRS2013math,,,,,"http://act-standards-server.herokuapp.com/resources/SCCRS2013mathA,http://act-standards-server.herokuapp.com/resources/SCCRS2013mathF",,Indexable Statement,,
http://act-standards-server.herokuapp.com/resources/SCCRS2013mathAF304,Statement,,,,,,,,,"Apply a definition of an operation for whole numbers (e.g., aÊ_ÊbÊ=Ê3aÊÐÊb)",Mathematics,,16-19,Original,,,4,,,http://act-standards-server.herokuapp.com/resources/DCCRS2013math,,,,,"http://act-standards-server.herokuapp.com/resources/SCCRS2013mathA,http://act-standards-server.herokuapp.com/resources/SCCRS2013mathF",,Indexable Statement,,
http://act-standards-server.herokuapp.com/resources/SCCRS2013mathA301,Statement,,,,,,,,,Substitute whole numbers for unknown quantities to evaluate expressions,Mathematics,,16-19,Original,,,1,,,http://act-standards-server.herokuapp.com/resources/DCCRS2013math,,,,,http://act-standards-server.herokuapp.com/resources/SCCRS2013mathA,,Indexable Statement,,
http://act-standards-server.herokuapp.com/resources/SCCRS2013mathF301,Statement,,,,,,,,,Extend a given pattern by a few terms for patterns that have a constant factor between terms,Mathematics,,16-19,Original,,,1,,,http://act-standards-server.herokuapp.com/resources/DCCRS2013math,,,,,http://act-standards-server.herokuapp.com/resources/SCCRS2013mathF,,Indexable Statement,,
http://act-standards-server.herokuapp.com/resources/SCCRS2013mathA302,Statement,,,,,,,,,Solve one-step equations to get integer or decimal answers,Mathematics,,16-19,Original,,,2,,,http://act-standards-server.herokuapp.com/resources/DCCRS2013math,,,,,http://act-standards-server.herokuapp.com/resources/SCCRS2013mathA,,Indexable Statement,,
http://act-standards-server.herokuapp.com/resources/SCCRS2013mathA303,Statement,,,,,,,,,"Combine like terms (e.g., 2xÊ+Ê5x)",Mathematics,,16-19,Original,,,3,,,http://act-standards-server.herokuapp.com/resources/DCCRS2013math,,,,,http://act-standards-server.herokuapp.com/resources/SCCRS2013mathA,,Indexable Statement,,
http://act-standards-server.herokuapp.com/resources/SCCRS2013mathAF401,Statement,,,,,,,,,"Solve routine two-step or three-step arithmetic problems involving concepts such as rate and proportion, tax added, percentage off, and estimating by using a given average value in place of actual values",Mathematics,,20-23,Original,,,1,,,http://act-standards-server.herokuapp.com/resources/DCCRS2013math,,,,,"http://act-standards-server.herokuapp.com/resources/SCCRS2013mathA,http://act-standards-server.herokuapp.com/resources/SCCRS2013mathF",,Indexable Statement,,
http://act-standards-server.herokuapp.com/resources/SCCRS2013mathAF402,Statement,,,,,,,,,Perform straightforward word-to-symbol translations,Mathematics,,20-23,Original,,,2,,,http://act-standards-server.herokuapp.com/resources/DCCRS2013math,,,,,"http://act-standards-server.herokuapp.com/resources/SCCRS2013mathA,http://act-standards-server.herokuapp.com/resources/SCCRS2013mathF",,Indexable Statement,,
http://act-standards-server.herokuapp.com/resources/SCCRS2013mathAF403,Statement,,,,,,,,,"Relate a graph to a situation described in terms of a starting value and an additional amount per unit (e.g., unit cost, weekly growth)",Mathematics,,20-23,Original,,,3,,,http://act-standards-server.herokuapp.com/resources/DCCRS2013math,,,,,"http://act-standards-server.herokuapp.com/resources/SCCRS2013mathA,http://act-standards-server.herokuapp.com/resources/SCCRS2013mathF",,Indexable Statement,,
http://act-standards-server.herokuapp.com/resources/SCCRS2013mathA401,Statement,,,,,,,,,Evaluate algebraic expressions by substituting integers for unknown quantities,Mathematics,,20-23,Original,,,1,,,http://act-standards-server.herokuapp.com/resources/DCCRS2013math,,,,,http://act-standards-server.herokuapp.com/resources/SCCRS2013mathA,,Indexable Statement,,
http://act-standards-server.herokuapp.com/resources/SCCRS2013mathF401,Statement,,,,,,,,,"Evaluate linear and quadratic functions, expressed in function notation, at integer values",Mathematics,,20-23,Original,,,1,,,http://act-standards-server.herokuapp.com/resources/DCCRS2013math,,,,,http://act-standards-server.herokuapp.com/resources/SCCRS2013mathF,,Indexable Statement,,
http://act-standards-server.herokuapp.com/resources/SCCRS2013mathA402,Statement,,,,,,,,,Add and subtract simple algebraic expressions,Mathematics,,20-23,Original,,,2,,,http://act-standards-server.herokuapp.com/resources/DCCRS2013math,,,,,http://act-standards-server.herokuapp.com/resources/SCCRS2013mathA,,Indexable Statement,,
http://act-standards-server.herokuapp.com/resources/SCCRS2013mathA403,Statement,,,,,,,,,Solve routine first-degree equations,Mathematics,,20-23,Original,,,3,,,http://act-standards-server.herokuapp.com/resources/DCCRS2013math,,,,,http://act-standards-server.herokuapp.com/resources/SCCRS2013mathA,,Indexable Statement,,
http://act-standards-server.herokuapp.com/resources/SCCRS2013mathA404,Statement,,,,,,,,,Multiply two binomials,Mathematics,,20-23,Original,,,4,,,http://act-standards-server.herokuapp.com/resources/DCCRS2013math,,,,,http://act-standards-server.herokuapp.com/resources/SCCRS2013mathA,,Indexable Statement,,
http://act-standards-server.herokuapp.com/resources/SCCRS2013mathA405,Statement,,,,,,,,,"Match simple inequalities with their graphs on the number line (e.g., xÊ³ÊÐ ",Mathematics,,20-23,Original,,,5,,,http://act-standards-server.herokuapp.com/resources/DCCRS2013math,,,,,http://act-standards-server.herokuapp.com/resources/SCCRS2013mathA,,Indexable Statement,,
http://act-standards-server.herokuapp.com/resources/SCCRS2013mathA406,Statement,,,,,,,,,Exhibit knowledge of slope,Mathematics,,20-23,Original,,,6,,,http://act-standards-server.herokuapp.com/resources/DCCRS2013math,,,,,http://act-standards-server.herokuapp.com/resources/SCCRS2013mathA,,Indexable Statement,,
http://act-standards-server.herokuapp.com/resources/SCCRS2013mathAF501,Statement,,,,,,,,,"Solve multistep arithmetic problems that involve planning or converting common derived units of measure (e.g., feet per second to miles per hour)",Mathematics,,24-27,Original,,,1,,,http://act-standards-server.herokuapp.com/resources/DCCRS2013math,,,,,"http://act-standards-server.herokuapp.com/resources/SCCRS2013mathA,http://act-standards-server.herokuapp.com/resources/SCCRS2013mathF",,Indexable Statement,,
http://act-standards-server.herokuapp.com/resources/SCCRS2013mathAF502,Statement,,,,,,,,,"Build functions and write expressions, equations, or inequalities with a single variable for common pre-algebra settings (e.g., rate and distance problems and problems that can be solved by using proportions)",Mathematics,,24-27,Original,,,2,,,http://act-standards-server.herokuapp.com/resources/DCCRS2013math,,,,,"http://act-standards-server.herokuapp.com/resources/SCCRS2013mathA,http://act-standards-server.herokuapp.com/resources/SCCRS2013mathF",,Indexable Statement,,
http://act-standards-server.herokuapp.com/resources/SCCRS2013mathAF503,Statement,,,,,,,,,Match linear equations with their graphs in the coordinate plane,Mathematics,,24-27,Original,,,3,,,http://act-standards-server.herokuapp.com/resources/DCCRS2013math,,,,,"http://act-standards-server.herokuapp.com/resources/SCCRS2013mathA,http://act-standards-server.herokuapp.com/resources/SCCRS2013mathF",,Indexable Statement,,
http://act-standards-server.herokuapp.com/resources/SCCRS2013mathA501,Statement,,,,,,,,,"Recognize that when numerical quantities are reported in real-world contexts, the numbers are often rounded",Mathematics,,24-27,Original,,,1,,,http://act-standards-server.herokuapp.com/resources/DCCRS2013math,,,,,http://act-standards-server.herokuapp.com/resources/SCCRS2013mathA,,Indexable Statement,,
http://act-standards-server.herokuapp.com/resources/SCCRS2013mathA502,Statement,,,,,,,,,Solve real-world problems using first-degree equations,Mathematics,,24-27,Original,,,2,,,http://act-standards-server.herokuapp.com/resources/DCCRS2013math,,,,,http://act-standards-server.herokuapp.com/resources/SCCRS2013mathA,,Indexable Statement,,
http://act-standards-server.herokuapp.com/resources/SCCRS2013mathA503,Statement,,,,,,,,,Solve first-degree inequalities when the method does not involve reversing the inequality sign,Mathematics,,24-27,Original,,,3,,,http://act-standards-server.herokuapp.com/resources/DCCRS2013math,,,,,http://act-standards-server.herokuapp.com/resources/SCCRS2013mathA,,Indexable Statement,,
http://act-standards-server.herokuapp.com/resources/SCCRS2013mathA504,Statement,,,,,,,,,"Match compound inequalities with their graphs on the number line (e.g., Ð10.5Ê<ÊxÊ²Ê20.3)",Mathematics,,24-27,Original,,,4,,,http://act-standards-server.herokuapp.com/resources/DCCRS2013math,,,,,http://act-standards-server.herokuapp.com/resources/SCCRS2013mathA,,Indexable Statement,,
http://act-standards-server.herokuapp.com/resources/SCCRS2013mathA505,Statement,,,,,,,,,"Add, subtract, and multiply polynomials",Mathematics,,24-27,Original,,,5,,,http://act-standards-server.herokuapp.com/resources/DCCRS2013math,,,,,http://act-standards-server.herokuapp.com/resources/SCCRS2013mathA,,Indexable Statement,,
http://act-standards-server.herokuapp.com/resources/SCCRS2013mathA506,Statement,,,,,,,,,Identify solutions to simple quadratic equations,Mathematics,,24-27,Original,,,6,,,http://act-standards-server.herokuapp.com/resources/DCCRS2013math,,,,,http://act-standards-server.herokuapp.com/resources/SCCRS2013mathA,,Indexable Statement,,
http://act-standards-server.herokuapp.com/resources/SCCRS2013mathA507,Statement,,,,,,,,,"Solve quadratic equations in the form (xÊ+Êa)(xÊ+Êb)Ê=Ê0, where a and b are numbers or variables",Mathematics,,24-27,Original,,,7,,,http://act-standards-server.herokuapp.com/resources/DCCRS2013math,,,,,http://act-standards-server.herokuapp.com/resources/SCCRS2013mathA,,Indexable Statement,,
http://act-standards-server.herokuapp.com/resources/SCCRS2013mathA508,Statement,,,,,,,,,"Factor simple quadratics (e.g., the difference of squares and perfect square trinomials)",Mathematics,,24-27,Original,,,8,,,http://act-standards-server.herokuapp.com/resources/DCCRS2013math,,,,,http://act-standards-server.herokuapp.com/resources/SCCRS2013mathA,,Indexable Statement,,
http://act-standards-server.herokuapp.com/resources/SCCRS2013mathA509,Statement,,,,,,,,,Work with squares and square roots of numbers,Mathematics,,24-27,Original,,,9,,,http://act-standards-server.herokuapp.com/resources/DCCRS2013math,,,,,http://act-standards-server.herokuapp.com/resources/SCCRS2013mathA,,Indexable Statement,,
http://act-standards-server.herokuapp.com/resources/SCCRS2013mathA510,Statement,,,,,,,,,Work with cubes and cube roots of numbers,Mathematics,,24-27,Original,,,10,,,http://act-standards-server.herokuapp.com/resources/DCCRS2013math,,,,,http://act-standards-server.herokuapp.com/resources/SCCRS2013mathA,,Indexable Statement,,
http://act-standards-server.herokuapp.com/resources/SCCRS2013mathA511,Statement,,,,,,,,,Work with scientific notation,Mathematics,,24-27,Original,,,11,,,http://act-standards-server.herokuapp.com/resources/DCCRS2013math,,,,,http://act-standards-server.herokuapp.com/resources/SCCRS2013mathA,,Indexable Statement,,
http://act-standards-server.herokuapp.com/resources/SCCRS2013mathA512,Statement,,,,,,,,,Work problems involving positive integer exponents,Mathematics,,24-27,Original,,,12,,,http://act-standards-server.herokuapp.com/resources/DCCRS2013math,,,,,http://act-standards-server.herokuapp.com/resources/SCCRS2013mathA,,Indexable Statement,,
http://act-standards-server.herokuapp.com/resources/SCCRS2013mathA513,Statement,,,,,,,,,Determine when an expression is undefined,Mathematics,,24-27,Original,,,13,,,http://act-standards-server.herokuapp.com/resources/DCCRS2013math,,,,,http://act-standards-server.herokuapp.com/resources/SCCRS2013mathA,,Indexable Statement,,
http://act-standards-server.herokuapp.com/resources/SCCRS2013mathA514,Statement,,,,,,,,,Determine the slope of a line from an equation,Mathematics,,24-27,Original,,,14,,,http://act-standards-server.herokuapp.com/resources/DCCRS2013math,,,,,http://act-standards-server.herokuapp.com/resources/SCCRS2013mathA,,Indexable Statement,,
http://act-standards-server.herokuapp.com/resources/SCCRS2013mathF501,Statement,,,,,,,,,"Evaluate polynomial functions, expressed in function notation, at integer values",Mathematics,,24-27,Original,,,1,,,http://act-standards-server.herokuapp.com/resources/DCCRS2013math,,,,,http://act-standards-server.herokuapp.com/resources/SCCRS2013mathF,,Indexable Statement,,
http://act-standards-server.herokuapp.com/resources/SCCRS2013mathF502,Statement,,,,,,,,,Find the next term in a sequence described recursively,Mathematics,,24-27,Original,,,2,,,http://act-standards-server.herokuapp.com/resources/DCCRS2013math,,,,,http://act-standards-server.herokuapp.com/resources/SCCRS2013mathF,,Indexable Statement,,
http://act-standards-server.herokuapp.com/resources/SCCRS2013mathF503,Statement,,,,,,,,,Build functions and use quantitative information to identify graphs for relations that are proportional or linear,Mathematics,,24-27,Original,,,3,,,http://act-standards-server.herokuapp.com/resources/DCCRS2013math,,,,,http://act-standards-server.herokuapp.com/resources/SCCRS2013mathF,,Indexable Statement,,
http://act-standards-server.herokuapp.com/resources/SCCRS2013mathF504,Statement,,,,,,,,,Attend to the difference between a function modeling a situation and the reality of the situation,Mathematics,,24-27,Original,,,4,,,http://act-standards-server.herokuapp.com/resources/DCCRS2013math,,,,,http://act-standards-server.herokuapp.com/resources/SCCRS2013mathF,,Indexable Statement,,
http://act-standards-server.herokuapp.com/resources/SCCRS2013mathF505,Statement,,,,,,,,,Understand the concept of a function as having a well-defined output value at each valid input value,Mathematics,,24-27,Original,,,5,,,http://act-standards-server.herokuapp.com/resources/DCCRS2013math,,,,,http://act-standards-server.herokuapp.com/resources/SCCRS2013mathF,,Indexable Statement,,
http://act-standards-server.herokuapp.com/resources/SCCRS2013mathF506,Statement,,,,,,,,,"Understand the concept of domain and range in terms of valid input and output, and in terms of function graphs",Mathematics,,24-27,Original,,,6,,,http://act-standards-server.herokuapp.com/resources/DCCRS2013math,,,,,http://act-standards-server.herokuapp.com/resources/SCCRS2013mathF,,Indexable Statement,,
http://act-standards-server.herokuapp.com/resources/SCCRS2013mathF507,Statement,,,,,,,,,Interpret statements that use function notation in terms of their context,Mathematics,,24-27,Original,,,7,,,http://act-standards-server.herokuapp.com/resources/DCCRS2013math,,,,,http://act-standards-server.herokuapp.com/resources/SCCRS2013mathF,,Indexable Statement,,
http://act-standards-server.herokuapp.com/resources/SCCRS2013mathF508,Statement,,,,,,,,,Find the domain of polynomial functions and rational functions,Mathematics,,24-27,Original,,,8,,,http://act-standards-server.herokuapp.com/resources/DCCRS2013math,,,,,http://act-standards-server.herokuapp.com/resources/SCCRS2013mathF,,Indexable Statement,,
http://act-standards-server.herokuapp.com/resources/SCCRS2013mathF509,Statement,,,,,,,,,Find the range of polynomial functions,Mathematics,,24-27,Original,,,9,,,http://act-standards-server.herokuapp.com/resources/DCCRS2013math,,,,,http://act-standards-server.herokuapp.com/resources/SCCRS2013mathF,,Indexable Statement,,
http://act-standards-server.herokuapp.com/resources/SCCRS2013mathF510,Statement,,,,,,,,,Find where a rational functionÕs graph has a vertical asymptote,Mathematics,,24-27,Original,,,10,,,http://act-standards-server.herokuapp.com/resources/DCCRS2013math,,,,,http://act-standards-server.herokuapp.com/resources/SCCRS2013mathF,,Indexable Statement,,
http://act-standards-server.herokuapp.com/resources/SCCRS2013mathF511,Statement,,,,,,,,,Use function notation for simple functions of two variables,Mathematics,,24-27,Original,,,11,,,http://act-standards-server.herokuapp.com/resources/DCCRS2013math,,,,,http://act-standards-server.herokuapp.com/resources/SCCRS2013mathF,,Indexable Statement,,
http://act-standards-server.herokuapp.com/resources/SCCRS2013mathAF601,Statement,,,,,,,,,"Solve word problems containing several rates, proportions, or percentages",Mathematics,,28-32,Original,,,1,,,http://act-standards-server.herokuapp.com/resources/DCCRS2013math,,,,,"http://act-standards-server.herokuapp.com/resources/SCCRS2013mathA,http://act-standards-server.herokuapp.com/resources/SCCRS2013mathF",,Indexable Statement,,
http://act-standards-server.herokuapp.com/resources/SCCRS2013mathAF602,Statement,,,,,,,,,"Build functions and write expressions, equations, and inequalities for common algebra settings (e.g., distance to a point on a curve and profit for variable cost and demand)",Mathematics,,28-32,Original,,,2,,,http://act-standards-server.herokuapp.com/resources/DCCRS2013math,,,,,"http://act-standards-server.herokuapp.com/resources/SCCRS2013mathA,http://act-standards-server.herokuapp.com/resources/SCCRS2013mathF",,Indexable Statement,,
http://act-standards-server.herokuapp.com/resources/SCCRS2013mathAF603,Statement,,,,,,,,,Interpret and use information from graphs in the coordinate plane,Mathematics,,28-32,Original,,,3,,,http://act-standards-server.herokuapp.com/resources/DCCRS2013math,,,,,"http://act-standards-server.herokuapp.com/resources/SCCRS2013mathA,http://act-standards-server.herokuapp.com/resources/SCCRS2013mathF",,Indexable Statement,,
http://act-standards-server.herokuapp.com/resources/SCCRS2013mathAF604,Statement,,,,,,,,,"Given an equation or function, find an equation or function whose graph is a translation by a specified amount up or down",Mathematics,,28-32,Original,,,4,,,http://act-standards-server.herokuapp.com/resources/DCCRS2013math,,,,,"http://act-standards-server.herokuapp.com/resources/SCCRS2013mathA,http://act-standards-server.herokuapp.com/resources/SCCRS2013mathF",,Indexable Statement,,
http://act-standards-server.herokuapp.com/resources/SCCRS2013mathA601,Statement,,,,,,,,,Manipulate expressions and equations,Mathematics,,28-32,Original,,,1,,,http://act-standards-server.herokuapp.com/resources/DCCRS2013math,,,,,http://act-standards-server.herokuapp.com/resources/SCCRS2013mathA,,Indexable Statement,,
http://act-standards-server.herokuapp.com/resources/SCCRS2013mathA602,Statement,,,,,,,,,Solve linear inequalities when the method involves reversing the inequality sign,Mathematics,,28-32,Original,,,2,,,http://act-standards-server.herokuapp.com/resources/DCCRS2013math,,,,,http://act-standards-server.herokuapp.com/resources/SCCRS2013mathA,,Indexable Statement,,
http://act-standards-server.herokuapp.com/resources/SCCRS2013mathA603,Statement,,,,,,,,,Match linear inequalities with their graphs on the number line,Mathematics,,28-32,Original,,,3,,,http://act-standards-server.herokuapp.com/resources/DCCRS2013math,,,,,http://act-standards-server.herokuapp.com/resources/SCCRS2013mathA,,Indexable Statement,,
http://act-standards-server.herokuapp.com/resources/SCCRS2013mathA604,Statement,,,,,,,,,Solve systems of two linear equations,Mathematics,,28-32,Original,,,4,,,http://act-standards-server.herokuapp.com/resources/DCCRS2013math,,,,,http://act-standards-server.herokuapp.com/resources/SCCRS2013mathA,,Indexable Statement,,
http://act-standards-server.herokuapp.com/resources/SCCRS2013mathA605,Statement,,,,,,,,,Solve quadratic equations,Mathematics,,28-32,Original,,,5,,,http://act-standards-server.herokuapp.com/resources/DCCRS2013math,,,,,http://act-standards-server.herokuapp.com/resources/SCCRS2013mathA,,Indexable Statement,,
http://act-standards-server.herokuapp.com/resources/SCCRS2013mathA606,Statement,,,,,,,,,Solve absolute value equations,Mathematics,,28-32,Original,,,6,,,http://act-standards-server.herokuapp.com/resources/DCCRS2013math,,,,,http://act-standards-server.herokuapp.com/resources/SCCRS2013mathA,,Indexable Statement,,
http://act-standards-server.herokuapp.com/resources/SCCRS2013mathF601,Statement,,,,,,,,,Relate a graph to a situation described qualitatively in terms of faster change or slower change,Mathematics,,28-32,Original,,,1,,,http://act-standards-server.herokuapp.com/resources/DCCRS2013math,,,,,http://act-standards-server.herokuapp.com/resources/SCCRS2013mathF,,Indexable Statement,,
http://act-standards-server.herokuapp.com/resources/SCCRS2013mathF602,Statement,,,,,,,,,Build functions for relations that are inversely proportional,Mathematics,,28-32,Original,,,2,,,http://act-standards-server.herokuapp.com/resources/DCCRS2013math,,,,,http://act-standards-server.herokuapp.com/resources/SCCRS2013mathF,,Indexable Statement,,
http://act-standards-server.herokuapp.com/resources/SCCRS2013mathF603,Statement,,,,,,,,,Find a recursive expression for the general term in a sequence described recursively,Mathematics,,28-32,Original,,,3,,,http://act-standards-server.herokuapp.com/resources/DCCRS2013math,,,,,http://act-standards-server.herokuapp.com/resources/SCCRS2013mathF,,Indexable Statement,,
http://act-standards-server.herokuapp.com/resources/SCCRS2013mathF604,Statement,,,,,,,,,Evaluate composite functions at integer values,Mathematics,,28-32,Original,,,4,,,http://act-standards-server.herokuapp.com/resources/DCCRS2013math,,,,,http://act-standards-server.herokuapp.com/resources/SCCRS2013mathF,,Indexable Statement,,
http://act-standards-server.herokuapp.com/resources/SCCRS2013mathAF701,Statement,,,,,,,,,"Solve complex arithmetic problems involving percent of increase or decrease or requiring integration of several concepts (e.g., using several ratios, comparing percentages, or comparing averages)",Mathematics,,33-36,Original,,,1,,,http://act-standards-server.herokuapp.com/resources/DCCRS2013math,,,,,"http://act-standards-server.herokuapp.com/resources/SCCRS2013mathA,http://act-standards-server.herokuapp.com/resources/SCCRS2013mathF",,Indexable Statement,,
http://act-standards-server.herokuapp.com/resources/SCCRS2013mathAF702,Statement,,,,,,,,,"Build functions and write expressions, equations, and inequalities when the process requires planning and/or strategic manipulation",Mathematics,,33-36,Original,,,2,,,http://act-standards-server.herokuapp.com/resources/DCCRS2013math,,,,,"http://act-standards-server.herokuapp.com/resources/SCCRS2013mathA,http://act-standards-server.herokuapp.com/resources/SCCRS2013mathF",,Indexable Statement,,
http://act-standards-server.herokuapp.com/resources/SCCRS2013mathAF703,Statement,,,,,,,,,Analyze and draw conclusions based on properties of algebra and/or functions,Mathematics,,33-36,Original,,,3,,,http://act-standards-server.herokuapp.com/resources/DCCRS2013math,,,,,"http://act-standards-server.herokuapp.com/resources/SCCRS2013mathA,http://act-standards-server.herokuapp.com/resources/SCCRS2013mathF",,Indexable Statement,,
http://act-standards-server.herokuapp.com/resources/SCCRS2013mathAF704,Statement,,,,,,,,,Analyze and draw conclusions based on information from graphs in the coordinate plane,Mathematics,,33-36,Original,,,4,,,http://act-standards-server.herokuapp.com/resources/DCCRS2013math,,,,,"http://act-standards-server.herokuapp.com/resources/SCCRS2013mathA,http://act-standards-server.herokuapp.com/resources/SCCRS2013mathF",,Indexable Statement,,
http://act-standards-server.herokuapp.com/resources/SCCRS2013mathAF705,Statement,,,,,,,,,Identify characteristics of graphs based on a set of conditions or on a general equation such as yÊ=Êax_Ê+Êc,Mathematics,,33-36,Original,,,5,,,http://act-standards-server.herokuapp.com/resources/DCCRS2013math,,,,,"http://act-standards-server.herokuapp.com/resources/SCCRS2013mathA,http://act-standards-server.herokuapp.com/resources/SCCRS2013mathF",,Indexable Statement,,
http://act-standards-server.herokuapp.com/resources/SCCRS2013mathAF706,Statement,,,,,,,,,"Given an equation or function, find an equation or function whose graph is a translation by specified amounts in the horizontal and vertical directions",Mathematics,,33-36,Original,,,6,,,http://act-standards-server.herokuapp.com/resources/DCCRS2013math,,,,,"http://act-standards-server.herokuapp.com/resources/SCCRS2013mathA,http://act-standards-server.herokuapp.com/resources/SCCRS2013mathF",,Indexable Statement,,
http://act-standards-server.herokuapp.com/resources/SCCRS2013mathA701,Statement,,,,,,,,,Solve simple absolute value inequalities,Mathematics,,33-36,Original,,,1,,,http://act-standards-server.herokuapp.com/resources/DCCRS2013math,,,,,http://act-standards-server.herokuapp.com/resources/SCCRS2013mathA,,Indexable Statement,,
http://act-standards-server.herokuapp.com/resources/SCCRS2013mathA702,Statement,,,,,,,,,Match simple quadratic inequalities with their graphs on the number line,Mathematics,,33-36,Original,,,2,,,http://act-standards-server.herokuapp.com/resources/DCCRS2013math,,,,,http://act-standards-server.herokuapp.com/resources/SCCRS2013mathA,,Indexable Statement,,
http://act-standards-server.herokuapp.com/resources/SCCRS2013mathA703,Statement,,,,,,,,,"Apply the remainder theorem for polynomials, that P(a) is the remainder when P(x) is divided by (xÊÐÊa)",Mathematics,,33-36,Original,,,3,,,http://act-standards-server.herokuapp.com/resources/DCCRS2013math,,,,,http://act-standards-server.herokuapp.com/resources/SCCRS2013mathA,,Indexable Statement,,
http://act-standards-server.herokuapp.com/resources/SCCRS2013mathF701,Statement,,,,,,,,,Compare actual values and the values of a modeling function to judge model fit and compare models,Mathematics,,33-36,Original,,,1,,,http://act-standards-server.herokuapp.com/resources/DCCRS2013math,,,,,http://act-standards-server.herokuapp.com/resources/SCCRS2013mathF,,Indexable Statement,,
http://act-standards-server.herokuapp.com/resources/SCCRS2013mathF702,Statement,,,,,,,,,Build functions for relations that are exponential,Mathematics,,33-36,Original,,,2,,,http://act-standards-server.herokuapp.com/resources/DCCRS2013math,,,,,http://act-standards-server.herokuapp.com/resources/SCCRS2013mathF,,Indexable Statement,,
http://act-standards-server.herokuapp.com/resources/SCCRS2013mathF703,Statement,,,,,,,,,Exhibit knowledge of geometric sequences,Mathematics,,33-36,Original,,,3,,,http://act-standards-server.herokuapp.com/resources/DCCRS2013math,,,,,http://act-standards-server.herokuapp.com/resources/SCCRS2013mathF,,Indexable Statement,,
http://act-standards-server.herokuapp.com/resources/SCCRS2013mathF704,Statement,,,,,,,,,Exhibit knowledge of unit circle trigonometry,Mathematics,,33-36,Original,,,4,,,http://act-standards-server.herokuapp.com/resources/DCCRS2013math,,,,,http://act-standards-server.herokuapp.com/resources/SCCRS2013mathF,,Indexable Statement,,
http://act-standards-server.herokuapp.com/resources/SCCRS2013mathF705,Statement,,,,,,,,,Match graphs of basic trigonometric functions with their equations,Mathematics,,33-36,Original,,,5,,,http://act-standards-server.herokuapp.com/resources/DCCRS2013math,,,,,http://act-standards-server.herokuapp.com/resources/SCCRS2013mathF,,Indexable Statement,,
http://act-standards-server.herokuapp.com/resources/SCCRS2013mathF706,Statement,,,,,,,,,Use trigonometric concepts and basic identities to solve problems,Mathematics,,33-36,Original,,,6,,,http://act-standards-server.herokuapp.com/resources/DCCRS2013math,,,,,http://act-standards-server.herokuapp.com/resources/SCCRS2013mathF,,Indexable Statement,,
http://act-standards-server.herokuapp.com/resources/SCCRS2013mathF707,Statement,,,,,,,,,Exhibit knowledge of logarithms,Mathematics,,33-36,Original,,,7,,,http://act-standards-server.herokuapp.com/resources/DCCRS2013math,,,,,http://act-standards-server.herokuapp.com/resources/SCCRS2013mathF,,Indexable Statement,,
http://act-standards-server.herokuapp.com/resources/SCCRS2013mathF708,Statement,,,,,,,,,Write an expression for the composite of two simple functions,Mathematics,,33-36,Original,,,8,,,http://act-standards-server.herokuapp.com/resources/DCCRS2013math,,,,,http://act-standards-server.herokuapp.com/resources/SCCRS2013mathF,,Indexable Statement,,
http://act-standards-server.herokuapp.com/resources/SCCRS2013mathG,Statement,,,,,,,,,Geometry (G),Mathematics,,,Original,,,,,,http://act-standards-server.herokuapp.com/resources/DCCRS2013math,,,,,http://act-standards-server.herokuapp.com/resources/DCCRS2013math,"http://act-standards-server.herokuapp.com/resources/SCCRS2013mathG201,http://act-standards-server.herokuapp.com/resources/SCCRS2013mathG202,http://act-standards-server.herokuapp.com/resources/SCCRS2013mathG203,http://act-standards-server.herokuapp.com/resources/SCCRS2013mathG301,http://act-standards-server.herokuapp.com/resources/SCCRS2013mathG302,http://act-standards-server.herokuapp.com/resources/SCCRS2013mathG303,http://act-standards-server.herokuapp.com/resources/SCCRS2013mathG304,http://act-standards-server.herokuapp.com/resources/SCCRS2013mathG401,http://act-standards-server.herokuapp.com/resources/SCCRS2013mathG402,http://act-standards-server.herokuapp.com/resources/SCCRS2013mathG403,http://act-standards-server.herokuapp.com/resources/SCCRS2013mathG404,http://act-standards-server.herokuapp.com/resources/SCCRS2013mathG405,http://act-standards-server.herokuapp.com/resources/SCCRS2013mathG406,http://act-standards-server.herokuapp.com/resources/SCCRS2013mathG407,http://act-standards-server.herokuapp.com/resources/SCCRS2013mathG501,http://act-standards-server.herokuapp.com/resources/SCCRS2013mathG502,http://act-standards-server.herokuapp.com/resources/SCCRS2013mathG503,http://act-standards-server.herokuapp.com/resources/SCCRS2013mathG504,http://act-standards-server.herokuapp.com/resources/SCCRS2013mathG505,http://act-standards-server.herokuapp.com/resources/SCCRS2013mathG506,http://act-standards-server.herokuapp.com/resources/SCCRS2013mathG507,http://act-standards-server.herokuapp.com/resources/SCCRS2013mathG508,http://act-standards-server.herokuapp.com/resources/SCCRS2013mathG509,http://act-standards-server.herokuapp.com/resources/SCCRS2013mathG510,http://act-standards-server.herokuapp.com/resources/SCCRS2013mathG511,http://act-standards-server.herokuapp.com/resources/SCCRS2013mathG512,http://act-standards-server.herokuapp.com/resources/SCCRS2013mathG601,http://act-standards-server.herokuapp.com/resources/SCCRS2013mathG602,http://act-standards-server.herokuapp.com/resources/SCCRS2013mathG603,http://act-standards-server.herokuapp.com/resources/SCCRS2013mathG604,http://act-standards-server.herokuapp.com/resources/SCCRS2013mathG605,http://act-standards-server.herokuapp.com/resources/SCCRS2013mathG606,http://act-standards-server.herokuapp.com/resources/SCCRS2013mathG607,http://act-standards-server.herokuapp.com/resources/SCCRS2013mathG608,http://act-standards-server.herokuapp.com/resources/SCCRS2013mathG609,http://act-standards-server.herokuapp.com/resources/SCCRS2013mathG701,http://act-standards-server.herokuapp.com/resources/SCCRS2013mathG702,http://act-standards-server.herokuapp.com/resources/SCCRS2013mathG703,http://act-standards-server.herokuapp.com/resources/SCCRS2013mathG704,http://act-standards-server.herokuapp.com/resources/SCCRS2013mathG705",Non-indexable Statement,,
http://act-standards-server.herokuapp.com/resources/SCCRS2013mathG201,Statement,,,,,,,,,Estimate the length of a line segment based on other lengths in a geometric figure,Mathematics,,13-15,Original,,,1,,,http://act-standards-server.herokuapp.com/resources/DCCRS2013math,,,,,http://act-standards-server.herokuapp.com/resources/SCCRS2013mathG,,Indexable Statement,,
http://act-standards-server.herokuapp.com/resources/SCCRS2013mathG202,Statement,,,,,,,,,"Calculate the length of a line segment based on the lengths of other line segments that go in the same direction (e.g., overlapping line segments and parallel sides of polygons with only right angles)",Mathematics,,13-15,Original,,,2,,,http://act-standards-server.herokuapp.com/resources/DCCRS2013math,,,,,http://act-standards-server.herokuapp.com/resources/SCCRS2013mathG,,Indexable Statement,,
http://act-standards-server.herokuapp.com/resources/SCCRS2013mathG203,Statement,,,,,,,,,"Perform common conversions of money and of length, weight, mass, and time within a measurement system (e.g., dollars to dimes, inches to feet, and hours to minutes)",Mathematics,,13-15,Original,,,3,,,http://act-standards-server.herokuapp.com/resources/DCCRS2013math,,,,,http://act-standards-server.herokuapp.com/resources/SCCRS2013mathG,,Indexable Statement,,
http://act-standards-server.herokuapp.com/resources/SCCRS2013mathG301,Statement,,,,,,,,,Exhibit some knowledge of the angles associated with parallel lines,Mathematics,,16-19,Original,,,1,,,http://act-standards-server.herokuapp.com/resources/DCCRS2013math,,,,,http://act-standards-server.herokuapp.com/resources/SCCRS2013mathG,,Indexable Statement,,
http://act-standards-server.herokuapp.com/resources/SCCRS2013mathG302,Statement,,,,,,,,,Compute the perimeter of polygons when all side lengths are given,Mathematics,,16-19,Original,,,2,,,http://act-standards-server.herokuapp.com/resources/DCCRS2013math,,,,,http://act-standards-server.herokuapp.com/resources/SCCRS2013mathG,,Indexable Statement,,
http://act-standards-server.herokuapp.com/resources/SCCRS2013mathG303,Statement,,,,,,,,,Compute the area of rectangles when whole number dimensions are given,Mathematics,,16-19,Original,,,3,,,http://act-standards-server.herokuapp.com/resources/DCCRS2013math,,,,,http://act-standards-server.herokuapp.com/resources/SCCRS2013mathG,,Indexable Statement,,
http://act-standards-server.herokuapp.com/resources/SCCRS2013mathG304,Statement,,,,,,,,,Locate points in the first quadrant,Mathematics,,16-19,Original,,,4,,,http://act-standards-server.herokuapp.com/resources/DCCRS2013math,,,,,http://act-standards-server.herokuapp.com/resources/SCCRS2013mathG,,Indexable Statement,,
http://act-standards-server.herokuapp.com/resources/SCCRS2013mathG401,Statement,,,,,,,,,Find the measure of an angle using properties of parallel lines,Mathematics,,20-23,Original,,,1,,,http://act-standards-server.herokuapp.com/resources/DCCRS2013math,,,,,http://act-standards-server.herokuapp.com/resources/SCCRS2013mathG,,Indexable Statement,,
http://act-standards-server.herokuapp.com/resources/SCCRS2013mathG402,Statement,,,,,,,,,"Exhibit knowledge of basic angle properties and special sums of angle measures (e.g., 90¡, 180¡, and 360¡)",Mathematics,,20-23,Original,,,2,,,http://act-standards-server.herokuapp.com/resources/DCCRS2013math,,,,,http://act-standards-server.herokuapp.com/resources/SCCRS2013mathG,,Indexable Statement,,
http://act-standards-server.herokuapp.com/resources/SCCRS2013mathG403,Statement,,,,,,,,,Compute the area and perimeter of triangles and rectangles in simple problems,Mathematics,,20-23,Original,,,3,,,http://act-standards-server.herokuapp.com/resources/DCCRS2013math,,,,,http://act-standards-server.herokuapp.com/resources/SCCRS2013mathG,,Indexable Statement,,
http://act-standards-server.herokuapp.com/resources/SCCRS2013mathG404,Statement,,,,,,,,,"Find the length of the hypotenuse of a right triangle when only very simple computation is involved (e.g., 3_4_5 and 6_8_10 triangles)",Mathematics,,20-23,Original,,,4,,,http://act-standards-server.herokuapp.com/resources/DCCRS2013math,,,,,http://act-standards-server.herokuapp.com/resources/SCCRS2013mathG,,Indexable Statement,,
http://act-standards-server.herokuapp.com/resources/SCCRS2013mathG405,Statement,,,,,,,,,Use geometric formulas when all necessary information is given,Mathematics,,20-23,Original,,,5,,,http://act-standards-server.herokuapp.com/resources/DCCRS2013math,,,,,http://act-standards-server.herokuapp.com/resources/SCCRS2013mathG,,Indexable Statement,,
http://act-standards-server.herokuapp.com/resources/SCCRS2013mathG406,Statement,,,,,,,,,Locate points in the coordinate plane,Mathematics,,20-23,Original,,,6,,,http://act-standards-server.herokuapp.com/resources/DCCRS2013math,,,,,http://act-standards-server.herokuapp.com/resources/SCCRS2013mathG,,Indexable Statement,,
http://act-standards-server.herokuapp.com/resources/SCCRS2013mathG407,Statement,,,,,,,,,"Translate points up, down, left, and right in the coordinate plane",Mathematics,,20-23,Original,,,7,,,http://act-standards-server.herokuapp.com/resources/DCCRS2013math,,,,,http://act-standards-server.herokuapp.com/resources/SCCRS2013mathG,,Indexable Statement,,
http://act-standards-server.herokuapp.com/resources/SCCRS2013mathG501,Statement,,,,,,,,,Use several angle properties to find an unknown angle measure,Mathematics,,24-27,Original,,,1,,,http://act-standards-server.herokuapp.com/resources/DCCRS2013math,,,,,http://act-standards-server.herokuapp.com/resources/SCCRS2013mathG,,Indexable Statement,,
http://act-standards-server.herokuapp.com/resources/SCCRS2013mathG502,Statement,,,,,,,,,Count the number of lines of symmetry of a geometric figure,Mathematics,,24-27,Original,,,2,,,http://act-standards-server.herokuapp.com/resources/DCCRS2013math,,,,,http://act-standards-server.herokuapp.com/resources/SCCRS2013mathG,,Indexable Statement,,
http://act-standards-server.herokuapp.com/resources/SCCRS2013mathG503,Statement,,,,,,,,,Use symmetry of isosceles triangles to find unknown side lengths or angle measures,Mathematics,,24-27,Original,,,3,,,http://act-standards-server.herokuapp.com/resources/DCCRS2013math,,,,,http://act-standards-server.herokuapp.com/resources/SCCRS2013mathG,,Indexable Statement,,
http://act-standards-server.herokuapp.com/resources/SCCRS2013mathG504,Statement,,,,,,,,,Recognize that real-world measurements are typically imprecise and that an appropriate level of precision is related to the measuring device and procedure,Mathematics,,24-27,Original,,,4,,,http://act-standards-server.herokuapp.com/resources/DCCRS2013math,,,,,http://act-standards-server.herokuapp.com/resources/SCCRS2013mathG,,Indexable Statement,,
http://act-standards-server.herokuapp.com/resources/SCCRS2013mathG505,Statement,,,,,,,,,Compute the perimeter of simple composite geometric figures with unknown side lengths,Mathematics,,24-27,Original,,,5,,,http://act-standards-server.herokuapp.com/resources/DCCRS2013math,,,,,http://act-standards-server.herokuapp.com/resources/SCCRS2013mathG,,Indexable Statement,,
http://act-standards-server.herokuapp.com/resources/SCCRS2013mathG506,Statement,,,,,,,,,Compute the area of triangles and rectangles when one or more additional simple steps are required,Mathematics,,24-27,Original,,,6,,,http://act-standards-server.herokuapp.com/resources/DCCRS2013math,,,,,http://act-standards-server.herokuapp.com/resources/SCCRS2013mathG,,Indexable Statement,,
http://act-standards-server.herokuapp.com/resources/SCCRS2013mathG507,Statement,,,,,,,,,Compute the area and circumference of circles after identifying necessary information,Mathematics,,24-27,Original,,,7,,,http://act-standards-server.herokuapp.com/resources/DCCRS2013math,,,,,http://act-standards-server.herokuapp.com/resources/SCCRS2013mathG,,Indexable Statement,,
http://act-standards-server.herokuapp.com/resources/SCCRS2013mathG508,Statement,,,,,,,,,"Given the length of two sides of a right triangle, find the third when the lengths are Pythagorean triples",Mathematics,,24-27,Original,,,8,,,http://act-standards-server.herokuapp.com/resources/DCCRS2013math,,,,,http://act-standards-server.herokuapp.com/resources/SCCRS2013mathG,,Indexable Statement,,
http://act-standards-server.herokuapp.com/resources/SCCRS2013mathG509,Statement,,,,,,,,,"Express the sine, cosine, and tangent of an angle in a right triangle as a ratio of given side lengths",Mathematics,,24-27,Original,,,9,,,http://act-standards-server.herokuapp.com/resources/DCCRS2013math,,,,,http://act-standards-server.herokuapp.com/resources/SCCRS2013mathG,,Indexable Statement,,
http://act-standards-server.herokuapp.com/resources/SCCRS2013mathG510,Statement,,,,,,,,,Determine the slope of a line from points or a graph,Mathematics,,24-27,Original,,,10,,,http://act-standards-server.herokuapp.com/resources/DCCRS2013math,,,,,http://act-standards-server.herokuapp.com/resources/SCCRS2013mathG,,Indexable Statement,,
http://act-standards-server.herokuapp.com/resources/SCCRS2013mathG511,Statement,,,,,,,,,Find the midpoint of a line segment,Mathematics,,24-27,Original,,,11,,,http://act-standards-server.herokuapp.com/resources/DCCRS2013math,,,,,http://act-standards-server.herokuapp.com/resources/SCCRS2013mathG,,Indexable Statement,,
http://act-standards-server.herokuapp.com/resources/SCCRS2013mathG512,Statement,,,,,,,,,Find the coordinates of a point rotated 180¡ around a given center point,Mathematics,,24-27,Original,,,12,,,http://act-standards-server.herokuapp.com/resources/DCCRS2013math,,,,,http://act-standards-server.herokuapp.com/resources/SCCRS2013mathG,,Indexable Statement,,
http://act-standards-server.herokuapp.com/resources/SCCRS2013mathG601,Statement,,,,,,,,,"Use relationships involving area, perimeter, and volume of geometric figures to compute another measure (e.g., surface area for a cube of a given volume and simple geometric probability)",Mathematics,,28-32,Original,,,1,,,http://act-standards-server.herokuapp.com/resources/DCCRS2013math,,,,,http://act-standards-server.herokuapp.com/resources/SCCRS2013mathG,,Indexable Statement,,
http://act-standards-server.herokuapp.com/resources/SCCRS2013mathG602,Statement,,,,,,,,,Use the Pythagorean theorem,Mathematics,,28-32,Original,,,2,,,http://act-standards-server.herokuapp.com/resources/DCCRS2013math,,,,,http://act-standards-server.herokuapp.com/resources/SCCRS2013mathG,,Indexable Statement,,
http://act-standards-server.herokuapp.com/resources/SCCRS2013mathG603,Statement,,,,,,,,,"Apply properties of 30¡_60¡_90¡, 45¡_45¡_90¡, similar, and congruent triangles",Mathematics,,28-32,Original,,,3,,,http://act-standards-server.herokuapp.com/resources/DCCRS2013math,,,,,http://act-standards-server.herokuapp.com/resources/SCCRS2013mathG,,Indexable Statement,,
http://act-standards-server.herokuapp.com/resources/SCCRS2013mathG604,Statement,,,,,,,,,Apply basic trigonometric ratios to solve right-triangle problems,Mathematics,,28-32,Original,,,4,,,http://act-standards-server.herokuapp.com/resources/DCCRS2013math,,,,,http://act-standards-server.herokuapp.com/resources/SCCRS2013mathG,,Indexable Statement,,
http://act-standards-server.herokuapp.com/resources/SCCRS2013mathG605,Statement,,,,,,,,,Use the distance formula,Mathematics,,28-32,Original,,,5,,,http://act-standards-server.herokuapp.com/resources/DCCRS2013math,,,,,http://act-standards-server.herokuapp.com/resources/SCCRS2013mathG,,Indexable Statement,,
http://act-standards-server.herokuapp.com/resources/SCCRS2013mathG606,Statement,,,,,,,,,Use properties of parallel and perpendicular lines to determine an equation of a line or coordinates of a point,Mathematics,,28-32,Original,,,6,,,http://act-standards-server.herokuapp.com/resources/DCCRS2013math,,,,,http://act-standards-server.herokuapp.com/resources/SCCRS2013mathG,,Indexable Statement,,
http://act-standards-server.herokuapp.com/resources/SCCRS2013mathG607,Statement,,,,,,,,,Find the coordinates of a point reflected across a vertical or horizontal line or across yÊ=Êx,Mathematics,,28-32,Original,,,7,,,http://act-standards-server.herokuapp.com/resources/DCCRS2013math,,,,,http://act-standards-server.herokuapp.com/resources/SCCRS2013mathG,,Indexable Statement,,
http://act-standards-server.herokuapp.com/resources/SCCRS2013mathG608,Statement,,,,,,,,,Find the coordinates of a point rotated 90¡ about the origin,Mathematics,,28-32,Original,,,8,,,http://act-standards-server.herokuapp.com/resources/DCCRS2013math,,,,,http://act-standards-server.herokuapp.com/resources/SCCRS2013mathG,,Indexable Statement,,
http://act-standards-server.herokuapp.com/resources/SCCRS2013mathG609,Statement,,,,,,,,,"Recognize special characteristics of parabolas and circles (e.g., the vertex of a parabola and the center or radius of a circle)",Mathematics,,28-32,Original,,,9,,,http://act-standards-server.herokuapp.com/resources/DCCRS2013math,,,,,http://act-standards-server.herokuapp.com/resources/SCCRS2013mathG,,Indexable Statement,,
http://act-standards-server.herokuapp.com/resources/SCCRS2013mathG701,Statement,,,,,,,,,"Use relationships among angles, arcs, and distances in a circle",Mathematics,,33-36,Original,,,1,,,http://act-standards-server.herokuapp.com/resources/DCCRS2013math,,,,,http://act-standards-server.herokuapp.com/resources/SCCRS2013mathG,,Indexable Statement,,
http://act-standards-server.herokuapp.com/resources/SCCRS2013mathG702,Statement,,,,,,,,,Compute the area of composite geometric figures when planning and/or visualization is required,Mathematics,,33-36,Original,,,2,,,http://act-standards-server.herokuapp.com/resources/DCCRS2013math,,,,,http://act-standards-server.herokuapp.com/resources/SCCRS2013mathG,,Indexable Statement,,
http://act-standards-server.herokuapp.com/resources/SCCRS2013mathG703,Statement,,,,,,,,,Use scale factors to determine the magnitude of a size change,Mathematics,,33-36,Original,,,3,,,http://act-standards-server.herokuapp.com/resources/DCCRS2013math,,,,,http://act-standards-server.herokuapp.com/resources/SCCRS2013mathG,,Indexable Statement,,
http://act-standards-server.herokuapp.com/resources/SCCRS2013mathG704,Statement,,,,,,,,,Analyze and draw conclusions based on a set of conditions,Mathematics,,33-36,Original,,,4,,,http://act-standards-server.herokuapp.com/resources/DCCRS2013math,,,,,http://act-standards-server.herokuapp.com/resources/SCCRS2013mathG,,Indexable Statement,,
http://act-standards-server.herokuapp.com/resources/SCCRS2013mathG705,Statement,,,,,,,,,"Solve multistep geometry problems that involve integrating concepts, planning, and/or visualization",Mathematics,,33-36,Original,,,5,,,http://act-standards-server.herokuapp.com/resources/DCCRS2013math,,,,,http://act-standards-server.herokuapp.com/resources/SCCRS2013mathG,,Indexable Statement,,
http://act-standards-server.herokuapp.com/resources/SCCRS2013mathS,Statement,,,,,,,,,Statistics & Probability (S),Mathematics,,,Original,,,,,,http://act-standards-server.herokuapp.com/resources/DCCRS2013math,,,,,http://act-standards-server.herokuapp.com/resources/SCCRS2013math,"http://act-standards-server.herokuapp.com/resources/SCCRS2013mathS201,http://act-standards-server.herokuapp.com/resources/SCCRS2013mathS202,http://act-standards-server.herokuapp.com/resources/SCCRS2013mathS301,http://act-standards-server.herokuapp.com/resources/SCCRS2013mathS302,http://act-standards-server.herokuapp.com/resources/SCCRS2013mathS303,http://act-standards-server.herokuapp.com/resources/SCCRS2013mathS304,http://act-standards-server.herokuapp.com/resources/SCCRS2013mathS305,http://act-standards-server.herokuapp.com/resources/SCCRS2013mathS401,http://act-standards-server.herokuapp.com/resources/SCCRS2013mathS402,http://act-standards-server.herokuapp.com/resources/SCCRS2013mathS403,http://act-standards-server.herokuapp.com/resources/SCCRS2013mathS404,http://act-standards-server.herokuapp.com/resources/SCCRS2013mathS405,http://act-standards-server.herokuapp.com/resources/SCCRS2013mathS501,http://act-standards-server.herokuapp.com/resources/SCCRS2013mathS502,http://act-standards-server.herokuapp.com/resources/SCCRS2013mathS503,http://act-standards-server.herokuapp.com/resources/SCCRS2013mathS504,http://act-standards-server.herokuapp.com/resources/SCCRS2013mathS505,http://act-standards-server.herokuapp.com/resources/SCCRS2013mathS506,http://act-standards-server.herokuapp.com/resources/SCCRS2013mathS601,http://act-standards-server.herokuapp.com/resources/SCCRS2013mathS602,http://act-standards-server.herokuapp.com/resources/SCCRS2013mathS603,http://act-standards-server.herokuapp.com/resources/SCCRS2013mathS604,http://act-standards-server.herokuapp.com/resources/SCCRS2013mathS605,http://act-standards-server.herokuapp.com/resources/SCCRS2013mathS606,http://act-standards-server.herokuapp.com/resources/SCCRS2013mathS701,http://act-standards-server.herokuapp.com/resources/SCCRS2013mathS702,http://act-standards-server.herokuapp.com/resources/SCCRS2013mathS703,http://act-standards-server.herokuapp.com/resources/SCCRS2013mathS704,http://act-standards-server.herokuapp.com/resources/SCCRS2013mathS705",Non-indexable Statement,,
http://act-standards-server.herokuapp.com/resources/SCCRS2013mathS201,Statement,,,,,,,,,Calculate the average of a list of positive whole numbers,Mathematics,,13-15,Original,,,1,,,http://act-standards-server.herokuapp.com/resources/DCCRS2013math,,,,,http://act-standards-server.herokuapp.com/resources/SCCRS2013mathS,,Indexable Statement,,
http://act-standards-server.herokuapp.com/resources/SCCRS2013mathS202,Statement,,,,,,,,,Extract one relevant number from a basic table or chart and use it in a single computation,Mathematics,,13-15,Original,,,2,,,http://act-standards-server.herokuapp.com/resources/DCCRS2013math,,,,,http://act-standards-server.herokuapp.com/resources/SCCRS2013mathS,,Indexable Statement,,
http://act-standards-server.herokuapp.com/resources/SCCRS2013mathS301,Statement,,,,,,,,,Calculate the average of a list of numbers,Mathematics,,16-19,Original,,,1,,,http://act-standards-server.herokuapp.com/resources/DCCRS2013math,,,,,http://act-standards-server.herokuapp.com/resources/SCCRS2013mathS,,Indexable Statement,,
http://act-standards-server.herokuapp.com/resources/SCCRS2013mathS302,Statement,,,,,,,,,Calculate the average given the number of data values and the sum of the data values,Mathematics,,16-19,Original,,,2,,,http://act-standards-server.herokuapp.com/resources/DCCRS2013math,,,,,http://act-standards-server.herokuapp.com/resources/SCCRS2013mathS,,Indexable Statement,,
http://act-standards-server.herokuapp.com/resources/SCCRS2013mathS303,Statement,,,,,,,,,Read basic tables and charts,Mathematics,,16-19,Original,,,3,,,http://act-standards-server.herokuapp.com/resources/DCCRS2013math,,,,,http://act-standards-server.herokuapp.com/resources/SCCRS2013mathS,,Indexable Statement,,
http://act-standards-server.herokuapp.com/resources/SCCRS2013mathS304,Statement,,,,,,,,,Extract relevant data from a basic table or chart and use the data in a computation,Mathematics,,16-19,Original,,,4,,,http://act-standards-server.herokuapp.com/resources/DCCRS2013math,,,,,http://act-standards-server.herokuapp.com/resources/SCCRS2013mathS,,Indexable Statement,,
http://act-standards-server.herokuapp.com/resources/SCCRS2013mathS305,Statement,,,,,,,,,Use the relationship between the probability of an event and the probability of its complement,Mathematics,,16-19,Original,,,5,,,http://act-standards-server.herokuapp.com/resources/DCCRS2013math,,,,,http://act-standards-server.herokuapp.com/resources/SCCRS2013mathS,,Indexable Statement,,
http://act-standards-server.herokuapp.com/resources/SCCRS2013mathS401,Statement,,,,,,,,,Calculate the missing data value given the average and all data values but one,Mathematics,,20-23,Original,,,1,,,http://act-standards-server.herokuapp.com/resources/DCCRS2013math,,,,,http://act-standards-server.herokuapp.com/resources/SCCRS2013mathS,,Indexable Statement,,
http://act-standards-server.herokuapp.com/resources/SCCRS2013mathS402,Statement,,,,,,,,,"Translate from one representation of data to another (e.g., a bar graph to a circle graph)",Mathematics,,20-23,Original,,,2,,,http://act-standards-server.herokuapp.com/resources/DCCRS2013math,,,,,http://act-standards-server.herokuapp.com/resources/SCCRS2013mathS,,Indexable Statement,,
http://act-standards-server.herokuapp.com/resources/SCCRS2013mathS403,Statement,,,,,,,,,Determine the probability of a simple event,Mathematics,,20-23,Original,,,3,,,http://act-standards-server.herokuapp.com/resources/DCCRS2013math,,,,,http://act-standards-server.herokuapp.com/resources/SCCRS2013mathS,,Indexable Statement,,
http://act-standards-server.herokuapp.com/resources/SCCRS2013mathS404,Statement,,,,,,,,,"Describe events as combinations of other events (e.g., using and, or, and not)",Mathematics,,20-23,Original,,,4,,,http://act-standards-server.herokuapp.com/resources/DCCRS2013math,,,,,http://act-standards-server.herokuapp.com/resources/SCCRS2013mathS,,Indexable Statement,,
http://act-standards-server.herokuapp.com/resources/SCCRS2013mathS405,Statement,,,,,,,,,Exhibit knowledge of simple counting techniques,Mathematics,,20-23,Original,,,5,,,http://act-standards-server.herokuapp.com/resources/DCCRS2013math,,,,,http://act-standards-server.herokuapp.com/resources/SCCRS2013mathS,,Indexable Statement,,
http://act-standards-server.herokuapp.com/resources/SCCRS2013mathS501,Statement,,,,,,,,,Calculate the average given the frequency counts of all the data values,Mathematics,,24-27,Original,,,1,,,http://act-standards-server.herokuapp.com/resources/DCCRS2013math,,,,,http://act-standards-server.herokuapp.com/resources/SCCRS2013mathS,,Indexable Statement,,
http://act-standards-server.herokuapp.com/resources/SCCRS2013mathS502,Statement,,,,,,,,,Manipulate data from tables and charts,Mathematics,,24-27,Original,,,2,,,http://act-standards-server.herokuapp.com/resources/DCCRS2013math,,,,,http://act-standards-server.herokuapp.com/resources/SCCRS2013mathS,,Indexable Statement,,
http://act-standards-server.herokuapp.com/resources/SCCRS2013mathS503,Statement,,,,,,,,,Compute straightforward probabilities for common situations,Mathematics,,24-27,Original,,,3,,,http://act-standards-server.herokuapp.com/resources/DCCRS2013math,,,,,http://act-standards-server.herokuapp.com/resources/SCCRS2013mathS,,Indexable Statement,,
http://act-standards-server.herokuapp.com/resources/SCCRS2013mathS504,Statement,,,,,,,,,Use Venn diagrams in counting,Mathematics,,24-27,Original,,,4,,,http://act-standards-server.herokuapp.com/resources/DCCRS2013math,,,,,http://act-standards-server.herokuapp.com/resources/SCCRS2013mathS,,Indexable Statement,,
http://act-standards-server.herokuapp.com/resources/SCCRS2013mathS505,Statement,,,,,,,,,"Recognize that when data summaries are reported in the real world, results are often rounded and must be interpreted as having appropriate precision",Mathematics,,24-27,Original,,,5,,,http://act-standards-server.herokuapp.com/resources/DCCRS2013math,,,,,http://act-standards-server.herokuapp.com/resources/SCCRS2013mathS,,Indexable Statement,,
http://act-standards-server.herokuapp.com/resources/SCCRS2013mathS506,Statement,,,,,,,,,"Recognize that when a statistical model is used, model values typically differ from actual values",Mathematics,,24-27,Original,,,6,,,http://act-standards-server.herokuapp.com/resources/DCCRS2013math,,,,,http://act-standards-server.herokuapp.com/resources/SCCRS2013mathS,,Indexable Statement,,
http://act-standards-server.herokuapp.com/resources/SCCRS2013mathS601,Statement,,,,,,,,,Calculate or use a weighted average,Mathematics,,28-32,Original,,,1,,,http://act-standards-server.herokuapp.com/resources/DCCRS2013math,,,,,http://act-standards-server.herokuapp.com/resources/SCCRS2013mathS,,Indexable Statement,,
http://act-standards-server.herokuapp.com/resources/SCCRS2013mathS602,Statement,,,,,,,,,"Interpret and use information from tables and charts, including two-way frequency tables",Mathematics,,28-32,Original,,,2,,,http://act-standards-server.herokuapp.com/resources/DCCRS2013math,,,,,http://act-standards-server.herokuapp.com/resources/SCCRS2013mathS,,Indexable Statement,,
http://act-standards-server.herokuapp.com/resources/SCCRS2013mathS603,Statement,,,,,,,,,Apply counting techniques,Mathematics,,28-32,Original,,,3,,,http://act-standards-server.herokuapp.com/resources/DCCRS2013math,,,,,http://act-standards-server.herokuapp.com/resources/SCCRS2013mathS,,Indexable Statement,,
http://act-standards-server.herokuapp.com/resources/SCCRS2013mathS604,Statement,,,,,,,,,Compute a probability when the event and/or sample space are not given or obvious,Mathematics,,28-32,Original,,,4,,,http://act-standards-server.herokuapp.com/resources/DCCRS2013math,,,,,http://act-standards-server.herokuapp.com/resources/SCCRS2013mathS,,Indexable Statement,,
http://act-standards-server.herokuapp.com/resources/SCCRS2013mathS605,Statement,,,,,,,,,Recognize the concepts of conditional and joint probability expressed in real-world contexts,Mathematics,,28-32,Original,,,5,,,http://act-standards-server.herokuapp.com/resources/DCCRS2013math,,,,,http://act-standards-server.herokuapp.com/resources/SCCRS2013mathS,,Indexable Statement,,
http://act-standards-server.herokuapp.com/resources/SCCRS2013mathS606,Statement,,,,,,,,,Recognize the concept of independence expressed in real-world contexts,Mathematics,,28-32,Original,,,6,,,http://act-standards-server.herokuapp.com/resources/DCCRS2013math,,,,,http://act-standards-server.herokuapp.com/resources/SCCRS2013mathS,,Indexable Statement,,
http://act-standards-server.herokuapp.com/resources/SCCRS2013mathS701,Statement,,,,,,,,,"Distinguish between mean, median, and mode for a list of numbers",Mathematics,,33-36,Original,,,1,,,http://act-standards-server.herokuapp.com/resources/DCCRS2013math,,,,,http://act-standards-server.herokuapp.com/resources/SCCRS2013mathS,,Indexable Statement,,
http://act-standards-server.herokuapp.com/resources/SCCRS2013mathS702,Statement,,,,,,,,,"Analyze and draw conclusions based on information from tables and charts, including two-way frequency tables",Mathematics,,33-36,Original,,,2,,,http://act-standards-server.herokuapp.com/resources/DCCRS2013math,,,,,http://act-standards-server.herokuapp.com/resources/SCCRS2013mathS,,Indexable Statement,,
http://act-standards-server.herokuapp.com/resources/SCCRS2013mathS703,Statement,,,,,,,,,"Understand the role of randomization in surveys, experiments, and observational studies",Mathematics,,33-36,Original,,,3,,,http://act-standards-server.herokuapp.com/resources/DCCRS2013math,,,,,http://act-standards-server.herokuapp.com/resources/SCCRS2013mathS,,Indexable Statement,,
http://act-standards-server.herokuapp.com/resources/SCCRS2013mathS704,Statement,,,,,,,,,Exhibit knowledge of conditional and joint probability,Mathematics,,33-36,Original,,,4,,,http://act-standards-server.herokuapp.com/resources/DCCRS2013math,,,,,http://act-standards-server.herokuapp.com/resources/SCCRS2013mathS,,Indexable Statement,,
http://act-standards-server.herokuapp.com/resources/SCCRS2013mathS705,Statement,,,,,,,,,"Recognize that in statistical modeling, part of the power comes from looking at regularity in the differences between actual values and model values",Mathematics,,33-36,Original,,,5,,,http://act-standards-server.herokuapp.com/resources/DCCRS2013math,,,,,http://act-standards-server.herokuapp.com/resources/SCCRS2013mathS,,Indexable Statement,,